"SOC_ID","ACS_CODE","Occupation_Name","Education","Work_Experience","Training","OCCID"
"11-1011",10,"Chief Executives","Bachelor's degree","More than 5 years","None","111011"
"11-1021",20,"General and Operations Managers","Associate's degree","1 to 5 years","None","111021"
"11-1031",10,"Legislators","Bachelor's degree","1 to 5 years","None","111031"
"11-2011",40,"Advertising and Promotions Managers","Bachelor's degree","1 to 5 years","None","112011"
"11-2021",51,"Marketing Managers","Bachelor's degree","1 to 5 years","None","112021"
"11-2022",52,"Sales Managers","Bachelor's degree","1 to 5 years","None","112022"
"11-2030",60,NA,NA,NA,NA,"112030"
"11-3010",101,NA,NA,NA,NA,"113010"
"11-3010",102,NA,NA,NA,NA,"113010"
"11-3021",110,"Computer and Information Systems Managers","Bachelor's degree","More than 5 years","None","113021"
"11-3031",120,"Financial Managers","Bachelor's degree","More than 5 years","None","113031"
"11-3051",140,"Industrial Production Managers","Bachelor's degree","1 to 5 years","None","113051"
"11-3061",150,"Purchasing Managers","Bachelor's degree","More than 5 years","None","113061"
"11-3071",160,"Transportation, Storage, and Distribution Managers","High school diploma or equivalent","More than 5 years","None","113071"
"11-3111",135,"Compensation and Benefits Managers","Bachelor's degree","1 to 5 years","None","113111"
"11-3121",136,"Human Resources Managers","Bachelor's degree","1 to 5 years","None","113121"
"11-3131",137,"Training and Development Managers","Bachelor's degree","1 to 5 years","None","113131"
"11-9013",205,"Farmers, Ranchers, and Other Agricultural Managers","High school diploma or equivalent","More than 5 years","None","119013"
"11-9021",220,"Construction Managers","Associate's degree","More than 5 years","None","119021"
"11-9031",230,"Education Administrators, Preschool and Childcare Center/Program","Bachelor's degree","1 to 5 years","None","119031"
"11-9032",230,"Education Administrators, Elementary and Secondary School","Master's degree","1 to 5 years","None","119032"
"11-9033",230,"Education Administrators, Postsecondary","Master's degree","1 to 5 years","None","119033"
"11-9039",230,"Education Administrators, All Other","Bachelor's degree","1 to 5 years","None","119039"
"11-9041",300,"Architectural and Engineering Managers","Bachelor's degree","More than 5 years","None","119041"
"11-9051",310,"Food Service Managers","High school diploma or equivalent","1 to 5 years","None","119051"
"11-9071",335,"Gaming Managers","Some college, no degree","More than 5 years","None","119071"
"11-9081",340,"Lodging Managers","High school diploma or equivalent","1 to 5 years","None","119081"
"11-9111",350,"Medical and Health Services Managers","Bachelor's degree","None","None","119111"
"11-9121",360,"Natural Sciences Managers","Bachelor's degree","More than 5 years","None","119121"
"11-9131",440,"Postmasters and Mail Superintendents","High school diploma or equivalent","1 to 5 years","Moderate-term on-the-job training","119131"
"11-9141",410,"Property, Real Estate, and Community Association Managers","High school diploma or equivalent","1 to 5 years","None","119141"
"11-9151",420,"Social and Community Service Managers","Bachelor's degree","1 to 5 years","None","119151"
"11-9161",425,"Emergency Management Directors","Bachelor's degree","1 to 5 years","Long-term on-the-job training","119161"
"11-9171",440,NA,NA,NA,NA,"119171"
"11-9198",705,NA,NA,NA,NA,"119198"
"11-9198",335,NA,NA,NA,NA,"119198"
"11-9198",440,NA,NA,NA,NA,"119198"
"13-1011",500,"Agents and Business Managers of Artists, Performers, and Athletes","Bachelor's degree","1 to 5 years","None","131011"
"13-1020",510,NA,NA,NA,NA,"131020"
"13-1020",520,NA,NA,NA,NA,"131020"
"13-1020",530,NA,NA,NA,NA,"131020"
"13-1031",540,"Claims Adjusters, Examiners, and Investigators","High school diploma or equivalent","None","Long-term on-the-job training","131031"
"13-1032",540,"Insurance Appraisers, Auto Damage","Postsecondary non-degree award","None","Moderate-term on-the-job training","131032"
"13-1041",565,"Compliance Officers","Bachelor's degree","None","Moderate-term on-the-job training","131041"
"13-1051",600,"Cost Estimators","Bachelor's degree","None","None","131051"
"13-1071",630,NA,NA,NA,NA,"131071"
"13-1074",630,"Farm Labor Contractors","Less than high school","Less than 1 year","Short-term on-the-job training","131074"
"13-1075",630,NA,NA,NA,NA,"131075"
"13-1081",700,"Logisticians","Bachelor's degree","1 to 5 years","None","131081"
"13-1111",710,"Management Analysts","Bachelor's degree","1 to 5 years","None","131111"
"13-1121",725,"Meeting, Convention, and Event Planners","Bachelor's degree","Less than 1 year","None","131121"
"13-1131",726,NA,NA,NA,NA,"131131"
"13-1141",640,"Compensation, Benefits, and Job Analysis Specialists","Bachelor's degree","None","None","131141"
"13-1151",650,"Training and Development Specialists","Bachelor's degree","None","None","131151"
"13-1161",735,"Market Research Analysts and Marketing Specialists","Bachelor's degree","None","None","131161"
"13-1198",750,NA,NA,NA,NA,"131198"
"13-1198",705,NA,NA,NA,NA,"131198"
"13-2011",800,"Accountants and Auditors","Bachelor's degree","None","None","132011"
"13-2020",810,NA,NA,NA,NA,"132020"
"13-2031",820,"Budget Analysts","Bachelor's degree","None","None","132031"
"13-2041",830,"Credit Analysts","Bachelor's degree","None","None","132041"
"13-2052",850,"Personal Financial Advisors","Bachelor's degree","None","None","132052"
"13-2053",860,"Insurance Underwriters","Bachelor's degree","None","Moderate-term on-the-job training","132053"
"13-2061",900,"Financial Examiners","Bachelor's degree","None","Moderate-term on-the-job training","132061"
"13-2071",910,"Credit Counselors","Bachelor's degree","None","Moderate-term on-the-job training","132071"
"13-2072",910,"Loan Officers","High school diploma or equivalent","None","Moderate-term on-the-job training","132072"
"13-2081",930,"Tax Examiners and Collectors, and Revenue Agents","Bachelor's degree","None","Moderate-term on-the-job training","132081"
"13-2082",940,"Tax Preparers","High school diploma or equivalent","None","Moderate-term on-the-job training","132082"
"13-2098",960,NA,NA,NA,NA,"132098"
"13-2098",845,NA,NA,NA,NA,"132098"
"15-1211",1006,NA,NA,NA,NA,"151211"
"15-1212",1007,NA,NA,NA,NA,"151212"
"15-1221",1005,NA,NA,NA,NA,"151221"
"15-1231",1050,NA,NA,NA,NA,"151231"
"15-1232",1050,NA,NA,NA,NA,"151232"
"15-1241",1106,NA,NA,NA,NA,"151241"
"15-1244",1105,NA,NA,NA,NA,"151244"
"15-1245",1065,NA,NA,NA,NA,"151245"
"15-1251",1010,NA,NA,NA,NA,"151251"
"15-1256",1021,NA,NA,NA,NA,"151256"
"15-1256",1022,NA,NA,NA,NA,"151256"
"15-1257",1031,NA,NA,NA,NA,"151257"
"15-1257",1032,NA,NA,NA,NA,"151257"
"15-1299",705,NA,NA,NA,NA,"151299"
"15-1299",1032,NA,NA,NA,NA,"151299"
"15-1299",1065,NA,NA,NA,NA,"151299"
"15-1299",1108,NA,NA,NA,NA,"151299"
"15-1299",1022,NA,NA,NA,NA,"151299"
"15-2011",1200,"Actuaries","Bachelor's degree","None","Long-term on-the-job training","152011"
"15-2021",1240,"Mathematicians","Master's degree","None","None","152021"
"15-2031",1220,"Operations Research Analysts","Bachelor's degree","None","None","152031"
"15-2041",1240,"Statisticians","Master's degree","None","None","152041"
"15-2098",1240,NA,NA,NA,NA,"152098"
"17-1011",1305,"Architects, Except Landscape and Naval","Bachelor's degree","None","Internship/residency","171011"
"17-1012",1306,"Landscape Architects","Bachelor's degree","None","Internship/residency","171012"
"17-1021",1310,"Cartographers and Photogrammetrists","Bachelor's degree","None","None","171021"
"17-1022",1310,"Surveyors","Bachelor's degree","None","None","171022"
"17-2011",1320,"Aerospace Engineers","Bachelor's degree","None","None","172011"
"17-2021",1340,"Agricultural Engineers","Bachelor's degree","None","None","172021"
"17-2031",1340,"Biomedical Engineers","Bachelor's degree","None","None","172031"
"17-2041",1350,"Chemical Engineers","Bachelor's degree","None","None","172041"
"17-2051",1360,"Civil Engineers","Bachelor's degree","None","None","172051"
"17-2061",1400,"Computer Hardware Engineers","Bachelor's degree","None","None","172061"
"17-2071",1410,"Electrical Engineers","Bachelor's degree","None","None","172071"
"17-2072",1410,"Electronics Engineers, Except Computer","Bachelor's degree","None","None","172072"
"17-2081",1420,"Environmental Engineers","Bachelor's degree","None","None","172081"
"17-2111",1430,"Health and Safety Engineers, Except Mining Safety Engineers and Inspectors","Bachelor's degree","None","None","172111"
"17-2112",1430,"Industrial Engineers","Bachelor's degree","None","None","172112"
"17-2121",1440,"Marine Engineers and Naval Architects","Bachelor's degree","None","None","172121"
"17-2131",1450,"Materials Engineers","Bachelor's degree","None","None","172131"
"17-2141",1460,"Mechanical Engineers","Bachelor's degree","None","None","172141"
"17-2151",1520,"Mining and Geological Engineers, Including Mining Safety Engineers","Bachelor's degree","None","None","172151"
"17-2161",1530,"Nuclear Engineers","Bachelor's degree","None","None","172161"
"17-2171",1520,"Petroleum Engineers","Bachelor's degree","None","None","172171"
"17-2199",1530,"Engineers, All Other","Bachelor's degree","None","None","172199"
"17-3011",1541,"Architectural and Civil Drafters","Associate's degree","None","None","173011"
"17-3012",1545,"Electrical and Electronics Drafters","Associate's degree","None","None","173012"
"17-3013",1545,"Mechanical Drafters","Associate's degree","None","None","173013"
"17-3019",1545,"Drafters, All Other","Associate's degree","None","None","173019"
"17-3021",1555,"Aerospace Engineering and Operations Technicians","Associate's degree","None","None","173021"
"17-3022",1555,"Civil Engineering Technicians","Associate's degree","None","None","173022"
"17-3023",1551,"Electrical and Electronics Engineering Technicians","Associate's degree","None","None","173023"
"17-3024",1555,"Electro-Mechanical Technicians","Associate's degree","None","None","173024"
"17-3025",1555,"Environmental Engineering Technicians","Associate's degree","None","None","173025"
"17-3026",1555,"Industrial Engineering Technicians","Associate's degree","None","None","173026"
"17-3027",1555,"Mechanical Engineering Technicians","Associate's degree","None","None","173027"
"17-3031",1560,"Surveying and Mapping Technicians","High school diploma or equivalent","None","Moderate-term on-the-job training","173031"
"17-3098",1555,NA,NA,NA,NA,"173098"
"19-1011",1600,"Animal Scientists","Doctoral or professional degree","None","None","191011"
"19-1012",1600,"Food Scientists and Technologists","Bachelor's degree","None","None","191012"
"19-1013",1600,"Soil and Plant Scientists","Bachelor's degree","None","None","191013"
"19-1021",1610,"Biochemists and Biophysicists","Doctoral or professional degree","None","None","191021"
"19-1022",1610,"Microbiologists","Bachelor's degree","None","None","191022"
"19-1023",1610,"Zoologists and Wildlife Biologists","Bachelor's degree","None","None","191023"
"19-1029",1610,"Biological Scientists, All Other","Doctoral or professional degree","None","None","191029"
"19-1031",1640,"Conservation Scientists","Bachelor's degree","None","None","191031"
"19-1032",1640,"Foresters","Bachelor's degree","None","None","191032"
"19-1041",1650,"Epidemiologists","Master's degree","None","None","191041"
"19-1042",1650,"Medical Scientists, Except Epidemiologists","Doctoral or professional degree","None","None","191042"
"19-1099",1650,"Life Scientists, All Other","Bachelor's degree","None","None","191099"
"19-2011",1700,"Astronomers","Doctoral or professional degree","None","None","192011"
"19-2012",1700,"Physicists","Doctoral or professional degree","None","None","192012"
"19-2021",1710,"Atmospheric and Space Scientists","Bachelor's degree","None","None","192021"
"19-2031",1720,"Chemists","Bachelor's degree","None","None","192031"
"19-2032",1720,"Materials Scientists","Bachelor's degree","None","None","192032"
"19-2041",1745,"Environmental Scientists and Specialists, Including Health","Bachelor's degree","None","None","192041"
"19-2042",1750,"Geoscientists, Except Hydrologists and Geographers","Bachelor's degree","None","None","192042"
"19-2043",1750,"Hydrologists","Master's degree","None","None","192043"
"19-2099",1760,"Physical Scientists, All Other","Bachelor's degree","None","None","192099"
"19-3011",1800,"Economists","Bachelor's degree","None","None","193011"
"19-3022",1860,"Survey Researchers","Bachelor's degree","None","None","193022"
"19-3031",1821,"Clinical, Counseling, and School Psychologists","Doctoral or professional degree","None","Internship/residency","193031"
"19-3031",1822,"Clinical, Counseling, and School Psychologists","Doctoral or professional degree","None","Internship/residency","193031"
"19-3032",1825,"Industrial-Organizational Psychologists","Master's degree","None","Internship/residency","193032"
"19-3039",1825,"Psychologists, All Other","Master's degree","None","Internship/residency","193039"
"19-3041",1860,"Sociologists","Master's degree","None","None","193041"
"19-3051",1840,"Urban and Regional Planners","Master's degree","None","None","193051"
"19-3091",1860,"Anthropologists and Archeologists","Master's degree","None","None","193091"
"19-3092",1860,"Geographers","Bachelor's degree","None","None","193092"
"19-3093",1860,"Historians","Master's degree","None","None","193093"
"19-3094",1860,"Political Scientists","Master's degree","None","None","193094"
"19-3099",1860,"Social Scientists and Related Workers, All Other","Bachelor's degree","None","None","193099"
"19-4010",1900,NA,NA,NA,NA,"194010"
"19-4021",1910,"Biological Technicians","Bachelor's degree","None","None","194021"
"19-4031",1920,"Chemical Technicians","Associate's degree","None","Moderate-term on-the-job training","194031"
"19-4042",1935,NA,NA,NA,NA,"194042"
"19-4045",1935,NA,NA,NA,NA,"194045"
"19-4051",1935,"Nuclear Technicians","Associate's degree","None","Moderate-term on-the-job training","194051"
"19-4061",1970,"Social Science Research Assistants","Associate's degree","None","None","194061"
"19-4071",1970,NA,NA,NA,NA,"194071"
"19-4092",1970,"Forensic Science Technicians","Bachelor's degree","None","Moderate-term on-the-job training","194092"
"19-4099",1935,"Life, Physical, and Social Science Technicians, All Other","Associate's degree","None","Moderate-term on-the-job training","194099"
"19-4099",1970,"Life, Physical, and Social Science Technicians, All Other","Associate's degree","None","Moderate-term on-the-job training","194099"
"19-5011",1980,NA,NA,NA,NA,"195011"
"19-5012",1980,NA,NA,NA,NA,"195012"
"21-1012",2002,"Educational, Guidance, School, and Vocational Counselors","Master's degree","None","None","211012"
"21-1013",2003,"Marriage and Family Therapists","Master's degree","None","Internship/residency","211013"
"21-1015",2005,"Rehabilitation Counselors","Master's degree","None","None","211015"
"21-1018",2004,NA,NA,NA,NA,"211018"
"21-1018",2001,NA,NA,NA,NA,"211018"
"21-1019",2006,"Counselors, All Other","Master's degree","None","None","211019"
"21-1021",2011,"Child, Family, and School Social Workers","Bachelor's degree","None","None","211021"
"21-1022",2012,"Healthcare Social Workers","Master's degree","None","None","211022"
"21-1023",2013,"Mental Health and Substance Abuse Social Workers","Bachelor's degree","None","None","211023"
"21-1029",2014,"Social Workers, All Other","Bachelor's degree","None","None","211029"
"21-1091",2025,"Health Educators","Bachelor's degree","None","None","211091"
"21-1092",2015,"Probation Officers and Correctional Treatment Specialists","Bachelor's degree","None","Short-term on-the-job training","211092"
"21-1093",2016,"Social and Human Service Assistants","High school diploma or equivalent","None","Short-term on-the-job training","211093"
"21-1094",2025,NA,NA,NA,NA,"211094"
"21-1099",2025,NA,NA,NA,NA,"211099"
"21-2011",2040,"Clergy","Bachelor's degree","None","Moderate-term on-the-job training","212011"
"21-2021",2050,"Directors, Religious Activities and Education","Bachelor's degree","1 to 5 years","None","212021"
"21-2099",2060,"Religious Workers, All Other","Bachelor's degree","None","None","212099"
"23-1011",2100,"Lawyers","Doctoral or professional degree","None","None","231011"
"23-1012",2105,"Judicial Law Clerks","Doctoral or professional degree","None","None","231012"
"23-1021",2100,"Administrative Law Judges, Adjudicators, and Hearing Officers","Bachelor's degree","1 to 5 years","Moderate-term on-the-job training","231021"
"23-1022",2100,"Arbitrators, Mediators, and Conciliators","Bachelor's degree","1 to 5 years","Moderate-term on-the-job training","231022"
"23-1023",2100,"Judges, Magistrate Judges, and Magistrates","Doctoral or professional degree","More than 5 years","Short-term on-the-job training","231023"
"23-2011",2145,"Paralegals and Legal Assistants","Associate's degree","None","None","232011"
"23-2093",2170,"Title Examiners, Abstractors, and Searchers","High school diploma or equivalent","None","Short-term on-the-job training","232093"
"23-2099",2180,"Legal Support Workers, All Other","High school diploma or equivalent","None","Short-term on-the-job training","232099"
"25-1011",2205,NA,NA,NA,NA,"251011"
"25-1021",2205,NA,NA,NA,NA,"251021"
"25-1022",2205,NA,NA,NA,NA,"251022"
"25-1031",2205,NA,NA,NA,NA,"251031"
"25-1032",2205,NA,NA,NA,NA,"251032"
"25-1041",2205,NA,NA,NA,NA,"251041"
"25-1042",2205,NA,NA,NA,NA,"251042"
"25-1043",2205,NA,NA,NA,NA,"251043"
"25-1051",2205,NA,NA,NA,NA,"251051"
"25-1052",2205,NA,NA,NA,NA,"251052"
"25-1053",2205,NA,NA,NA,NA,"251053"
"25-1054",2205,NA,NA,NA,NA,"251054"
"25-1061",2205,NA,NA,NA,NA,"251061"
"25-1062",2205,NA,NA,NA,NA,"251062"
"25-1063",2205,NA,NA,NA,NA,"251063"
"25-1064",2205,NA,NA,NA,NA,"251064"
"25-1065",2205,NA,NA,NA,NA,"251065"
"25-1066",2205,NA,NA,NA,NA,"251066"
"25-1067",2205,NA,NA,NA,NA,"251067"
"25-1069",2205,NA,NA,NA,NA,"251069"
"25-1071",2205,NA,NA,NA,NA,"251071"
"25-1072",2205,NA,NA,NA,NA,"251072"
"25-1081",2205,NA,NA,NA,NA,"251081"
"25-1082",2205,NA,NA,NA,NA,"251082"
"25-1111",2205,NA,NA,NA,NA,"251111"
"25-1112",2205,NA,NA,NA,NA,"251112"
"25-1113",2205,NA,NA,NA,NA,"251113"
"25-1121",2205,NA,NA,NA,NA,"251121"
"25-1122",2205,NA,NA,NA,NA,"251122"
"25-1123",2205,NA,NA,NA,NA,"251123"
"25-1124",2205,NA,NA,NA,NA,"251124"
"25-1125",2205,NA,NA,NA,NA,"251125"
"25-1126",2205,NA,NA,NA,NA,"251126"
"25-1192",2205,NA,NA,NA,NA,"251192"
"25-1193",2205,NA,NA,NA,NA,"251193"
"25-1194",2205,NA,NA,NA,NA,"251194"
"25-1199",2205,NA,NA,NA,NA,"251199"
"25-2011",2300,"Preschool Teachers, Except Special Education","Associate's degree","None","None","252011"
"25-2012",2300,"Kindergarten Teachers, Except Special Education","Bachelor's degree","None","Internship/residency","252012"
"25-2021",2310,"Elementary School Teachers, Except Special Education","Bachelor's degree","None","Internship/residency","252021"
"25-2022",2310,"Middle School Teachers, Except Special and Career/Technical Education","Bachelor's degree","None","Internship/residency","252022"
"25-2023",2310,"Career/Technical Education Teachers, Middle School","Bachelor's degree","1 to 5 years","Internship/residency","252023"
"25-2031",2320,"Secondary School Teachers, Except Special and Career/Technical Education","Bachelor's degree","None","Internship/residency","252031"
"25-2032",2320,"Career/Technical Education Teachers, Secondary School","Bachelor's degree","1 to 5 years","Internship/residency","252032"
"25-2051",2330,NA,NA,NA,NA,"252051"
"25-2052",2330,NA,NA,NA,NA,"252052"
"25-2057",2330,NA,NA,NA,NA,"252057"
"25-2058",2330,NA,NA,NA,NA,"252058"
"25-2059",2330,NA,NA,NA,NA,"252059"
"25-3011",2360,"Adult Basic and Secondary Education and Literacy Teachers and Instructors","Bachelor's degree","None","Internship/residency","253011"
"25-3021",2360,"Self-Enrichment Education Teachers","High school diploma or equivalent","1 to 5 years","None","253021"
"25-3031",2360,NA,NA,NA,NA,"253031"
"25-3097",2350,NA,NA,NA,NA,"253097"
"25-4011",2400,"Archivists","Bachelor's degree","None","None","254011"
"25-4012",2400,"Curators","Master's degree","None","None","254012"
"25-4013",2400,"Museum Technicians and Conservators","Bachelor's degree","None","None","254013"
"25-4022",2435,NA,NA,NA,NA,"254022"
"25-4031",2440,"Library Technicians","Postsecondary non-degree award","None","None","254031"
"25-9021",2555,"Farm and Home Management Advisors","Master's degree","None","None","259021"
"25-9031",2555,"Instructional Coordinators","Master's degree","More than 5 years","None","259031"
"25-9044",2545,NA,NA,NA,NA,"259044"
"25-9045",2545,NA,NA,NA,NA,"259045"
"25-9099",2555,"Education, Training, and Library Workers, All Other","Bachelor's degree","None","None","259099"
"27-1011",2600,"Art Directors","Bachelor's degree","1 to 5 years","None","271011"
"27-1012",2600,"Craft Artists","High school diploma or equivalent","None","Long-term on-the-job training","271012"
"27-1013",2600,"Fine Artists, Including Painters, Sculptors, and Illustrators","High school diploma or equivalent","None","Long-term on-the-job training","271013"
"27-1014",2600,"Multimedia Artists and Animators","Bachelor's degree","None","Moderate-term on-the-job training","271014"
"27-1019",2600,"Artists and Related Workers, All Other","High school diploma or equivalent","None","Long-term on-the-job training","271019"
"27-1021",2631,"Commercial and Industrial Designers","Bachelor's degree","None","None","271021"
"27-1022",2632,"Fashion Designers","High school diploma or equivalent","None","Long-term on-the-job training","271022"
"27-1023",2633,"Floral Designers","High school diploma or equivalent","None","Short-term on-the-job training","271023"
"27-1024",2634,"Graphic Designers","Bachelor's degree","None","None","271024"
"27-1025",2635,"Interior Designers","Bachelor's degree","None","None","271025"
"27-1026",2636,"Merchandise Displayers and Window Trimmers","High school diploma or equivalent","None","Moderate-term on-the-job training","271026"
"27-1027",2640,"Set and Exhibit Designers","Bachelor's degree","None","None","271027"
"27-1029",2640,"Designers, All Other","Bachelor's degree","None","None","271029"
"27-2011",2700,"Actors","Some college, no degree","None","Long-term on-the-job training","272011"
"27-2012",2710,"Producers and Directors","Bachelor's degree","1 to 5 years","None","272012"
"27-2021",2721,"Athletes and Sports Competitors","High school diploma or equivalent","None","Long-term on-the-job training","272021"
"27-2022",2722,"Coaches and Scouts","High school diploma or equivalent","None","Long-term on-the-job training","272022"
"27-2023",2723,"Umpires, Referees, and Other Sports Officials","High school diploma or equivalent","None","Long-term on-the-job training","272023"
"27-2031",2740,"Dancers","High school diploma or equivalent","None","Long-term on-the-job training","272031"
"27-2032",2740,"Choreographers","High school diploma or equivalent","More than 5 years","Long-term on-the-job training","272032"
"27-2041",2751,"Music Directors and Composers","Bachelor's degree","1 to 5 years","None","272041"
"27-2042",2752,"Musicians and Singers","High school diploma or equivalent","None","Long-term on-the-job training","272042"
"27-2090",2755,NA,NA,NA,NA,"272090"
"27-2090",2770,NA,NA,NA,NA,"272090"
"27-3011",2805,"Radio and Television Announcers","Bachelor's degree","None","None","273011"
"27-3023",2810,NA,NA,NA,NA,"273023"
"27-3031",2825,"Public Relations Specialists","Bachelor's degree","None","Moderate-term on-the-job training","273031"
"27-3041",2830,"Editors","Bachelor's degree","1 to 5 years","None","273041"
"27-3042",2840,"Technical Writers","Bachelor's degree","1 to 5 years","Short-term on-the-job training","273042"
"27-3043",2850,"Writers and Authors","Bachelor's degree","None","Long-term on-the-job training","273043"
"27-3091",2861,"Interpreters and Translators","Bachelor's degree","None","Long-term on-the-job training","273091"
"27-3092",2862,NA,NA,NA,NA,"273092"
"27-3099",2865,"Media and Communication Workers, All Other","High school diploma or equivalent","None","Short-term on-the-job training","273099"
"27-4011",2905,"Audio and Video Equipment Technicians","Postsecondary non-degree award","None","Moderate-term on-the-job training","274011"
"27-4012",2905,"Broadcast Technicians","Associate's degree","None","Short-term on-the-job training","274012"
"27-4014",2905,"Sound Engineering Technicians","Postsecondary non-degree award","None","Short-term on-the-job training","274014"
"27-4021",2910,"Photographers","High school diploma or equivalent","None","Long-term on-the-job training","274021"
"27-4031",2920,"Camera Operators, Television, Video, and Motion Picture","Bachelor's degree","None","Moderate-term on-the-job training","274031"
"27-4032",2920,"Film and Video Editors","Bachelor's degree","1 to 5 years","None","274032"
"27-4098",2905,NA,NA,NA,NA,"274098"
"29-1011",3000,"Chiropractors","Doctoral or professional degree","None","None","291011"
"29-1021",3010,"Dentists, General","Doctoral or professional degree","None","Internship/residency","291021"
"29-1022",3010,"Oral and Maxillofacial Surgeons","Doctoral or professional degree","None","Internship/residency","291022"
"29-1023",3010,"Orthodontists","Doctoral or professional degree","None","Internship/residency","291023"
"29-1024",3010,"Prosthodontists","Doctoral or professional degree","None","Internship/residency","291024"
"29-1029",3010,"Dentists, All Other Specialists","Doctoral or professional degree","None","Internship/residency","291029"
"29-1031",3030,"Dietitians and Nutritionists","Bachelor's degree","None","Internship/residency","291031"
"29-1041",3040,"Optometrists","Doctoral or professional degree","None","None","291041"
"29-1051",3050,"Pharmacists","Doctoral or professional degree","None","None","291051"
"29-1071",3110,"Physician Assistants","Master's degree","None","None","291071"
"29-1081",3120,"Podiatrists","Doctoral or professional degree","None","Internship/residency","291081"
"29-1122",3150,"Occupational Therapists","Master's degree","None","None","291122"
"29-1123",3160,"Physical Therapists","Doctoral or professional degree","None","None","291123"
"29-1124",3200,"Radiation Therapists","Associate's degree","None","None","291124"
"29-1125",3210,"Recreational Therapists","Bachelor's degree","None","None","291125"
"29-1126",3220,"Respiratory Therapists","Associate's degree","None","None","291126"
"29-1127",3230,"Speech-Language Pathologists","Master's degree","None","None","291127"
"29-1128",3245,"Therapists, All Other","Master's degree","None","None","291128"
"29-1129",3245,NA,NA,NA,NA,"291129"
"29-1131",3250,"Veterinarians","Doctoral or professional degree","None","None","291131"
"29-1141",3255,NA,NA,NA,NA,"291141"
"29-1151",3256,NA,NA,NA,NA,"291151"
"29-1161",3258,NA,NA,NA,NA,"291161"
"29-1171",3258,NA,NA,NA,NA,"291171"
"29-1181",3140,"Audiologists","Doctoral or professional degree","None","None","291181"
"29-1211",3090,NA,NA,NA,NA,"291211"
"29-1215",3090,NA,NA,NA,NA,"291215"
"29-1216",3090,NA,NA,NA,NA,"291216"
"29-1218",3090,NA,NA,NA,NA,"291218"
"29-1221",3090,NA,NA,NA,NA,"291221"
"29-1223",3090,NA,NA,NA,NA,"291223"
"29-1228",3090,NA,NA,NA,NA,"291228"
"29-1228",3100,NA,NA,NA,NA,"291228"
"29-1248",3100,NA,NA,NA,NA,"291248"
"29-1292",3310,NA,NA,NA,NA,"291292"
"29-1298",3261,NA,NA,NA,NA,"291298"
"29-1298",3270,NA,NA,NA,NA,"291298"
"29-2010",3300,NA,NA,NA,NA,"292010"
"29-2031",3321,"Cardiovascular Technologists and Technicians","Associate's degree","None","None","292031"
"29-2032",3322,"Diagnostic Medical Sonographers","Associate's degree","None","None","292032"
"29-2033",3330,"Nuclear Medicine Technologists","Associate's degree","None","None","292033"
"29-2034",3323,NA,NA,NA,NA,"292034"
"29-2035",3324,NA,NA,NA,NA,"292035"
"29-2040",3401,NA,NA,NA,NA,"292040"
"29-2040",3402,NA,NA,NA,NA,"292040"
"29-2051",3430,"Dietetic Technicians","High school diploma or equivalent","None","Moderate-term on-the-job training","292051"
"29-2052",3421,"Pharmacy Technicians","High school diploma or equivalent","None","Moderate-term on-the-job training","292052"
"29-2053",3422,"Psychiatric Technicians","Postsecondary non-degree award","None","Short-term on-the-job training","292053"
"29-2055",3423,"Surgical Technologists","Postsecondary non-degree award","None","None","292055"
"29-2056",3424,"Veterinary Technologists and Technicians","Associate's degree","None","None","292056"
"29-2057",3430,NA,NA,NA,NA,"292057"
"29-2061",3500,"Licensed Practical and Licensed Vocational Nurses","Postsecondary non-degree award","None","None","292061"
"29-2081",3520,"Opticians, Dispensing","High school diploma or equivalent","None","Long-term on-the-job training","292081"
"29-2091",3545,"Orthotists and Prosthetists","Master's degree","None","None","292091"
"29-2092",3545,NA,NA,NA,NA,"292092"
"29-2098",3545,NA,NA,NA,NA,"292098"
"29-2098",3550,NA,NA,NA,NA,"292098"
"29-2098",3330,NA,NA,NA,NA,"292098"
"29-2098",3515,NA,NA,NA,NA,"292098"
"29-9091",3550,"Athletic Trainers","Bachelor's degree","None","None","299091"
"29-9092",3550,NA,NA,NA,NA,"299092"
"29-9098",3550,NA,NA,NA,NA,"299098"
"31-1120",3602,NA,NA,NA,NA,"311120"
"31-1120",3601,NA,NA,NA,NA,"311120"
"31-1131",3603,NA,NA,NA,NA,"311131"
"31-1132",3605,NA,NA,NA,NA,"311132"
"31-1133",3605,NA,NA,NA,NA,"311133"
"31-2011",3610,"Occupational Therapy Assistants","Associate's degree","None","None","312011"
"31-2012",3610,"Occupational Therapy Aides","High school diploma or equivalent","None","Short-term on-the-job training","312012"
"31-2021",3620,"Physical Therapist Assistants","Associate's degree","None","None","312021"
"31-2022",3620,"Physical Therapist Aides","High school diploma or equivalent","None","Moderate-term on-the-job training","312022"
"31-9011",3630,"Massage Therapists","Postsecondary non-degree award","None","None","319011"
"31-9091",3640,"Dental Assistants","Postsecondary non-degree award","None","None","319091"
"31-9092",3645,"Medical Assistants","High school diploma or equivalent","None","Moderate-term on-the-job training","319092"
"31-9093",3655,"Medical Equipment Preparers","High school diploma or equivalent","None","Moderate-term on-the-job training","319093"
"31-9094",3646,"Medical Transcriptionists","Postsecondary non-degree award","None","None","319094"
"31-9095",3647,"Pharmacy Aides","High school diploma or equivalent","None","Short-term on-the-job training","319095"
"31-9096",3648,"Veterinary Assistants and Laboratory Animal Caretakers","High school diploma or equivalent","None","Short-term on-the-job training","319096"
"31-9097",3649,NA,NA,NA,NA,"319097"
"31-9099",3655,NA,NA,NA,NA,"319099"
"33-1011",3700,"First-Line Supervisors of Correctional Officers","High school diploma or equivalent","1 to 5 years","Moderate-term on-the-job training","331011"
"33-1012",3710,"First-Line Supervisors of Police and Detectives","High school diploma or equivalent","1 to 5 years","Moderate-term on-the-job training","331012"
"33-1021",3720,"First-Line Supervisors of Fire Fighting and Prevention Workers","Postsecondary non-degree award","1 to 5 years","None","331021"
"33-1090",3725,NA,NA,NA,NA,"331090"
"33-2011",3740,"Firefighters","Postsecondary non-degree award","None","Long-term on-the-job training","332011"
"33-2021",3750,"Fire Inspectors and Investigators","High school diploma or equivalent","More than 5 years","Moderate-term on-the-job training","332021"
"33-2022",3750,"Forest Fire Inspectors and Prevention Specialists","High school diploma or equivalent","More than 5 years","Moderate-term on-the-job training","332022"
"33-3011",3801,"Bailiffs","High school diploma or equivalent","None","Moderate-term on-the-job training","333011"
"33-3012",3802,"Correctional Officers and Jailers","High school diploma or equivalent","None","Moderate-term on-the-job training","333012"
"33-3021",3820,"Detectives and Criminal Investigators","High school diploma or equivalent","1 to 5 years","Moderate-term on-the-job training","333021"
"33-3031",3840,"Fish and Game Wardens","High school diploma or equivalent","None","Short-term on-the-job training","333031"
"33-3041",3840,"Parking Enforcement Workers","High school diploma or equivalent","None","Short-term on-the-job training","333041"
"33-3051",3870,"Police and Sheriff's Patrol Officers","High school diploma or equivalent","None","Moderate-term on-the-job training","333051"
"33-3052",3870,"Transit and Railroad Police","High school diploma or equivalent","None","Short-term on-the-job training","333052"
"33-9011",3900,"Animal Control Workers","High school diploma or equivalent","None","Moderate-term on-the-job training","339011"
"33-9021",3910,"Private Detectives and Investigators","Some college, no degree","1 to 5 years","Moderate-term on-the-job training","339021"
"33-9031",3930,"Gaming Surveillance Officers and Gaming Investigators","High school diploma or equivalent","None","Short-term on-the-job training","339031"
"33-9032",3930,"Security Guards","High school diploma or equivalent","None","Short-term on-the-job training","339032"
"33-9091",3940,"Crossing Guards","High school diploma or equivalent","None","Short-term on-the-job training","339091"
"33-9092",3960,"Lifeguards, Ski Patrol, and Other Recreational Protective Service Workers","High school diploma or equivalent","None","Short-term on-the-job training","339092"
"33-9093",3945,"Transportation Security Screeners (Federal Only)","High school diploma or equivalent","None","Moderate-term on-the-job training","339093"
"33-9098",3960,NA,NA,NA,NA,"339098"
"33-9098",3946,NA,NA,NA,NA,"339098"
"35-1011",4000,"Chefs and Head Cooks","High school diploma or equivalent","1 to 5 years","None","351011"
"35-1012",4010,"First-Line Supervisors of Food Preparation and Serving Workers","High school diploma or equivalent","1 to 5 years","None","351012"
"35-2011",4020,"Cooks, Fast Food","Less than high school","None","Short-term on-the-job training","352011"
"35-2012",4020,"Cooks, Institution and Cafeteria","Less than high school","None","Short-term on-the-job training","352012"
"35-2013",4020,"Cooks, Private Household","Postsecondary non-degree award","1 to 5 years","None","352013"
"35-2014",4020,"Cooks, Restaurant","Less than high school","Less than 1 year","Moderate-term on-the-job training","352014"
"35-2015",4020,"Cooks, Short Order","Less than high school","None","Short-term on-the-job training","352015"
"35-2019",4020,"Cooks, All Other","Less than high school","None","Moderate-term on-the-job training","352019"
"35-2021",4030,"Food Preparation Workers","Less than high school","None","Short-term on-the-job training","352021"
"35-3011",4040,"Bartenders","Less than high school","None","Short-term on-the-job training","353011"
"35-3023",4055,NA,NA,NA,NA,"353023"
"35-3031",4110,"Waiters and Waitresses","Less than high school","None","Short-term on-the-job training","353031"
"35-3041",4120,"Food Servers, Nonrestaurant","Less than high school","None","Short-term on-the-job training","353041"
"35-9011",4130,"Dining Room and Cafeteria Attendants and Bartender Helpers","Less than high school","None","Short-term on-the-job training","359011"
"35-9021",4140,"Dishwashers","Less than high school","None","Short-term on-the-job training","359021"
"35-9031",4150,"Hosts and Hostesses, Restaurant, Lounge, and Coffee Shop","Less than high school","None","None","359031"
"35-9099",4160,"Food Preparation and Serving Related Workers, All Other","Less than high school","None","Short-term on-the-job training","359099"
"37-1011",4200,"First-Line Supervisors of Housekeeping and Janitorial Workers","High school diploma or equivalent","1 to 5 years","None","371011"
"37-1012",4210,"First-Line Supervisors of Landscaping, Lawn Service, and Groundskeeping Workers","High school diploma or equivalent","1 to 5 years","None","371012"
"37-2011",4220,"Janitors and Cleaners, Except Maids and Housekeeping Cleaners","Less than high school","None","Short-term on-the-job training","372011"
"37-2012",4230,"Maids and Housekeeping Cleaners","Less than high school","None","Short-term on-the-job training","372012"
"37-2019",4220,"Building Cleaning Workers, All Other","High school diploma or equivalent","None","Short-term on-the-job training","372019"
"37-2021",4240,"Pest Control Workers","High school diploma or equivalent","None","Moderate-term on-the-job training","372021"
"37-3011",4251,"Landscaping and Groundskeeping Workers","Less than high school","None","Short-term on-the-job training","373011"
"37-3012",4255,"Pesticide Handlers, Sprayers, and Applicators, Vegetation","High school diploma or equivalent","None","Moderate-term on-the-job training","373012"
"37-3013",4252,"Tree Trimmers and Pruners","High school diploma or equivalent","None","Short-term on-the-job training","373013"
"37-3019",4255,"Grounds Maintenance Workers, All Other","Less than high school","None","Short-term on-the-job training","373019"
"39-1013",4330,NA,NA,NA,NA,"391013"
"39-1098",4330,NA,NA,NA,NA,"391098"
"39-1098",9005,NA,NA,NA,NA,"391098"
"39-2011",4340,"Animal Trainers","High school diploma or equivalent","None","Moderate-term on-the-job training","392011"
"39-2021",4350,"Nonfarm Animal Caretakers","Less than high school","None","Short-term on-the-job training","392021"
"39-3011",4400,"Gaming Dealers","High school diploma or equivalent","None","Moderate-term on-the-job training","393011"
"39-3012",4400,"Gaming and Sports Book Writers and Runners","High school diploma or equivalent","None","Short-term on-the-job training","393012"
"39-3019",4400,"Gaming Service Workers, All Other","High school diploma or equivalent","None","Moderate-term on-the-job training","393019"
"39-3021",4435,"Motion Picture Projectionists","Less than high school","None","Short-term on-the-job training","393021"
"39-3031",4420,"Ushers, Lobby Attendants, and Ticket Takers","Less than high school","None","Short-term on-the-job training","393031"
"39-3091",4435,"Amusement and Recreation Attendants","Less than high school","None","Short-term on-the-job training","393091"
"39-3092",4435,"Costume Attendants","High school diploma or equivalent","None","Short-term on-the-job training","393092"
"39-3093",4435,"Locker Room, Coatroom, and Dressing Room Attendants","High school diploma or equivalent","None","Short-term on-the-job training","393093"
"39-3099",4435,"Entertainment Attendants and Related Workers, All Other","High school diploma or equivalent","None","Short-term on-the-job training","393099"
"39-4011",4461,"Embalmers","Postsecondary non-degree award","None","Short-term on-the-job training","394011"
"39-4021",4461,"Funeral Attendants","High school diploma or equivalent","None","Short-term on-the-job training","394021"
"39-4031",4465,NA,NA,NA,NA,"394031"
"39-5011",4500,"Barbers","Postsecondary non-degree award","None","None","395011"
"39-5012",4510,"Hairdressers, Hairstylists, and Cosmetologists","Postsecondary non-degree award","None","None","395012"
"39-5091",4525,"Makeup Artists, Theatrical and Performance","Postsecondary non-degree award","None","None","395091"
"39-5092",4521,"Manicurists and Pedicurists","Postsecondary non-degree award","None","None","395092"
"39-5093",4525,"Shampooers","Less than high school","None","Short-term on-the-job training","395093"
"39-5094",4522,"Skincare Specialists","Postsecondary non-degree award","None","None","395094"
"39-6011",4530,"Baggage Porters and Bellhops","High school diploma or equivalent","None","Short-term on-the-job training","396011"
"39-6012",4530,"Concierges","High school diploma or equivalent","None","Moderate-term on-the-job training","396012"
"39-7010",4540,NA,NA,NA,NA,"397010"
"39-9011",4600,"Childcare Workers","High school diploma or equivalent","None","Short-term on-the-job training","399011"
"39-9031",4621,"Fitness Trainers and Aerobics Instructors","High school diploma or equivalent","None","Short-term on-the-job training","399031"
"39-9032",4622,"Recreation Workers","Bachelor's degree","None","None","399032"
"39-9041",4640,"Residential Advisors","Some college, no degree","Less than 1 year","Short-term on-the-job training","399041"
"39-9098",4461,NA,NA,NA,NA,"399098"
"39-9098",4655,NA,NA,NA,NA,"399098"
"41-1011",4700,"First-Line Supervisors of Retail Sales Workers","High school diploma or equivalent","1 to 5 years","None","411011"
"41-1012",4710,"First-Line Supervisors of Non-Retail Sales Workers","High school diploma or equivalent","More than 5 years","None","411012"
"41-2011",4720,"Cashiers","Less than high school","None","Short-term on-the-job training","412011"
"41-2012",4720,"Gaming Change Persons and Booth Cashiers","High school diploma or equivalent","None","Short-term on-the-job training","412012"
"41-2021",4740,"Counter and Rental Clerks","Less than high school","None","Short-term on-the-job training","412021"
"41-2022",4750,"Parts Salespersons","Less than high school","None","Moderate-term on-the-job training","412022"
"41-2031",4760,"Retail Salespersons","Less than high school","None","Short-term on-the-job training","412031"
"41-3011",4800,"Advertising Sales Agents","High school diploma or equivalent","None","Moderate-term on-the-job training","413011"
"41-3021",4810,"Insurance Sales Agents","High school diploma or equivalent","None","Moderate-term on-the-job training","413021"
"41-3031",4820,"Securities, Commodities, and Financial Services Sales Agents","Bachelor's degree","None","Moderate-term on-the-job training","413031"
"41-3041",4830,"Travel Agents","High school diploma or equivalent","None","Moderate-term on-the-job training","413041"
"41-3091",4840,NA,NA,NA,NA,"413091"
"41-4011",4850,"Sales Representatives, Wholesale and Manufacturing, Technical and Scientific Products","Bachelor's degree","None","Moderate-term on-the-job training","414011"
"41-4012",4850,"Sales Representatives, Wholesale and Manufacturing, Except Technical and Scientific Products","High school diploma or equivalent","None","Moderate-term on-the-job training","414012"
"41-9011",4900,"Demonstrators and Product Promoters","High school diploma or equivalent","None","Short-term on-the-job training","419011"
"41-9012",4900,"Models","Less than high school","None","None","419012"
"41-9021",4920,"Real Estate Brokers","High school diploma or equivalent","1 to 5 years","None","419021"
"41-9022",4920,"Real Estate Sales Agents","High school diploma or equivalent","None","Long-term on-the-job training","419022"
"41-9031",4930,"Sales Engineers","Bachelor's degree","None","Moderate-term on-the-job training","419031"
"41-9041",4940,"Telemarketers","Less than high school","None","Short-term on-the-job training","419041"
"41-9091",4950,"Door-to-Door Sales Workers, News and Street Vendors, and Related Workers","High school diploma or equivalent","None","Short-term on-the-job training","419091"
"41-9099",4965,NA,NA,NA,NA,"419099"
"43-1011",5000,"First-Line Supervisors of Office and Administrative Support Workers","High school diploma or equivalent","1 to 5 years","None","431011"
"43-2011",5010,"Switchboard Operators, Including Answering Service","High school diploma or equivalent","None","Short-term on-the-job training","432011"
"43-2021",5020,"Telephone Operators","High school diploma or equivalent","None","Short-term on-the-job training","432021"
"43-2099",5040,"Communications Equipment Operators, All Other","High school diploma or equivalent","None","Short-term on-the-job training","432099"
"43-3011",5100,"Bill and Account Collectors","High school diploma or equivalent","None","Moderate-term on-the-job training","433011"
"43-3021",5110,"Billing and Posting Clerks","High school diploma or equivalent","None","Short-term on-the-job training","433021"
"43-3031",5120,"Bookkeeping, Accounting, and Auditing Clerks","High school diploma or equivalent","None","Moderate-term on-the-job training","433031"
"43-3041",5165,"Gaming Cage Workers","High school diploma or equivalent","None","Short-term on-the-job training","433041"
"43-3051",5140,"Payroll and Timekeeping Clerks","High school diploma or equivalent","None","Moderate-term on-the-job training","433051"
"43-3061",5150,"Procurement Clerks","High school diploma or equivalent","None","Moderate-term on-the-job training","433061"
"43-3071",5160,"Tellers","High school diploma or equivalent","None","Short-term on-the-job training","433071"
"43-3099",5165,NA,NA,NA,NA,"433099"
"43-4011",5420,"Brokerage Clerks","High school diploma or equivalent","None","Moderate-term on-the-job training","434011"
"43-4021",5350,"Correspondence Clerks","High school diploma or equivalent","None","Short-term on-the-job training","434021"
"43-4031",5220,"Court, Municipal, and License Clerks","High school diploma or equivalent","None","Moderate-term on-the-job training","434031"
"43-4041",5230,"Credit Authorizers, Checkers, and Clerks","High school diploma or equivalent","None","Short-term on-the-job training","434041"
"43-4051",5240,"Customer Service Representatives","High school diploma or equivalent","None","Short-term on-the-job training","434051"
"43-4061",5250,"Eligibility Interviewers, Government Programs","Associate's degree","None","Moderate-term on-the-job training","434061"
"43-4071",5260,"File Clerks","High school diploma or equivalent","None","Short-term on-the-job training","434071"
"43-4081",5300,"Hotel, Motel, and Resort Desk Clerks","High school diploma or equivalent","None","Short-term on-the-job training","434081"
"43-4111",5310,"Interviewers, Except Eligibility and Loan","High school diploma or equivalent","None","Short-term on-the-job training","434111"
"43-4121",5320,"Library Assistants, Clerical","High school diploma or equivalent","None","Short-term on-the-job training","434121"
"43-4131",5330,"Loan Interviewers and Clerks","High school diploma or equivalent","None","Short-term on-the-job training","434131"
"43-4141",5340,"New Accounts Clerks","High school diploma or equivalent","None","Short-term on-the-job training","434141"
"43-4151",5350,"Order Clerks","High school diploma or equivalent","None","Short-term on-the-job training","434151"
"43-4161",5360,"Human Resources Assistants, Except Payroll and Timekeeping","High school diploma or equivalent","None","Short-term on-the-job training","434161"
"43-4171",5400,"Receptionists and Information Clerks","High school diploma or equivalent","None","Short-term on-the-job training","434171"
"43-4181",5410,"Reservation and Transportation Ticket Agents and Travel Clerks","High school diploma or equivalent","None","Short-term on-the-job training","434181"
"43-4199",5420,"Information and Record Clerks, All Other","High school diploma or equivalent","None","Short-term on-the-job training","434199"
"43-5011",5500,"Cargo and Freight Agents","High school diploma or equivalent","None","Short-term on-the-job training","435011"
"43-5021",5510,"Couriers and Messengers","High school diploma or equivalent","None","Short-term on-the-job training","435021"
"43-5031",5521,"Police, Fire, and Ambulance Dispatchers","High school diploma or equivalent","None","Moderate-term on-the-job training","435031"
"43-5032",5522,"Dispatchers, Except Police, Fire, and Ambulance","High school diploma or equivalent","None","Moderate-term on-the-job training","435032"
"43-5041",5530,"Meter Readers, Utilities","High school diploma or equivalent","None","Short-term on-the-job training","435041"
"43-5051",5540,"Postal Service Clerks","High school diploma or equivalent","None","Short-term on-the-job training","435051"
"43-5052",5550,"Postal Service Mail Carriers","High school diploma or equivalent","None","Short-term on-the-job training","435052"
"43-5053",5560,"Postal Service Mail Sorters, Processors, and Processing Machine Operators","High school diploma or equivalent","None","Short-term on-the-job training","435053"
"43-5061",5600,"Production, Planning, and Expediting Clerks","High school diploma or equivalent","None","Moderate-term on-the-job training","435061"
"43-5071",5610,"Shipping, Receiving, and Traffic Clerks","High school diploma or equivalent","None","Short-term on-the-job training","435071"
"43-5111",5630,"Weighers, Measurers, Checkers, and Samplers, Recordkeeping","High school diploma or equivalent","None","Short-term on-the-job training","435111"
"43-6011",5710,"Executive Secretaries and Executive Administrative Assistants","High school diploma or equivalent","1 to 5 years","None","436011"
"43-6012",5720,"Legal Secretaries","High school diploma or equivalent","None","Moderate-term on-the-job training","436012"
"43-6013",5730,"Medical Secretaries","High school diploma or equivalent","None","Moderate-term on-the-job training","436013"
"43-6014",5740,"Secretaries and Administrative Assistants, Except Legal, Medical, and Executive","High school diploma or equivalent","None","Short-term on-the-job training","436014"
"43-9021",5810,"Data Entry Keyers","High school diploma or equivalent","None","Moderate-term on-the-job training","439021"
"43-9022",5820,"Word Processors and Typists","High school diploma or equivalent","None","Short-term on-the-job training","439022"
"43-9031",5940,"Desktop Publishers","Associate's degree","None","Short-term on-the-job training","439031"
"43-9041",5840,"Insurance Claims and Policy Processing Clerks","High school diploma or equivalent","None","Moderate-term on-the-job training","439041"
"43-9051",5850,"Mail Clerks and Mail Machine Operators, Except Postal Service","High school diploma or equivalent","None","Short-term on-the-job training","439051"
"43-9061",5860,"Office Clerks, General","High school diploma or equivalent","None","Short-term on-the-job training","439061"
"43-9071",5900,"Office Machine Operators, Except Computer","High school diploma or equivalent","None","Short-term on-the-job training","439071"
"43-9081",5910,"Proofreaders and Copy Markers","Bachelor's degree","None","Moderate-term on-the-job training","439081"
"43-9111",5920,"Statistical Assistants","Bachelor's degree","None","None","439111"
"43-9199",5940,NA,NA,NA,NA,"439199"
"45-1011",6005,"First-Line Supervisors of Farming, Fishing, and Forestry Workers","High school diploma or equivalent","1 to 5 years","None","451011"
"45-2011",6010,"Agricultural Inspectors","Bachelor's degree","None","Moderate-term on-the-job training","452011"
"45-2021",6050,"Animal Breeders","High school diploma or equivalent","1 to 5 years","Short-term on-the-job training","452021"
"45-2041",6040,"Graders and Sorters, Agricultural Products","Less than high school","None","Short-term on-the-job training","452041"
"45-2091",6050,NA,NA,NA,NA,"452091"
"45-2092",6050,NA,NA,NA,NA,"452092"
"45-2093",6050,NA,NA,NA,NA,"452093"
"45-2099",6050,NA,NA,NA,NA,"452099"
"45-3031",6115,NA,NA,NA,NA,"453031"
"45-4011",6120,"Forest and Conservation Workers","High school diploma or equivalent","None","Moderate-term on-the-job training","454011"
"45-4021",6130,"Fallers","High school diploma or equivalent","None","Moderate-term on-the-job training","454021"
"45-4022",6130,"Logging Equipment Operators","High school diploma or equivalent","None","Moderate-term on-the-job training","454022"
"45-4023",6130,"Log Graders and Scalers","High school diploma or equivalent","None","Moderate-term on-the-job training","454023"
"45-4029",6130,"Logging Workers, All Other","High school diploma or equivalent","None","Moderate-term on-the-job training","454029"
"47-1011",6200,"First-Line Supervisors of Construction Trades and Extraction Workers","High school diploma or equivalent","More than 5 years","None","471011"
"47-2011",6210,"Boilermakers","High school diploma or equivalent","None","Apprenticeship","472011"
"47-2021",6220,"Brickmasons and Blockmasons","High school diploma or equivalent","None","Apprenticeship","472021"
"47-2022",6220,"Stonemasons","High school diploma or equivalent","None","Apprenticeship","472022"
"47-2031",6230,"Carpenters","High school diploma or equivalent","None","Apprenticeship","472031"
"47-2041",6240,"Carpet Installers","Less than high school","None","Short-term on-the-job training","472041"
"47-2042",6240,"Floor Layers, Except Carpet, Wood, and Hard Tiles","High school diploma or equivalent","None","Moderate-term on-the-job training","472042"
"47-2043",6240,"Floor Sanders and Finishers","High school diploma or equivalent","None","Moderate-term on-the-job training","472043"
"47-2044",6240,"Tile and Marble Setters","Less than high school","None","Long-term on-the-job training","472044"
"47-2051",6250,"Cement Masons and Concrete Finishers","Less than high school","None","Moderate-term on-the-job training","472051"
"47-2053",6250,"Terrazzo Workers and Finishers","High school diploma or equivalent","None","Apprenticeship","472053"
"47-2061",6260,"Construction Laborers","Less than high school","None","Short-term on-the-job training","472061"
"47-2071",6305,"Paving, Surfacing, and Tamping Equipment Operators","High school diploma or equivalent","None","Moderate-term on-the-job training","472071"
"47-2072",6305,"Pile-Driver Operators","High school diploma or equivalent","None","Moderate-term on-the-job training","472072"
"47-2073",6305,"Operating Engineers and Other Construction Equipment Operators","High school diploma or equivalent","None","Moderate-term on-the-job training","472073"
"47-2081",6330,"Drywall and Ceiling Tile Installers","Less than high school","None","Moderate-term on-the-job training","472081"
"47-2082",6330,"Tapers","Less than high school","None","Moderate-term on-the-job training","472082"
"47-2111",6355,"Electricians","High school diploma or equivalent","None","Apprenticeship","472111"
"47-2121",6360,"Glaziers","High school diploma or equivalent","None","Apprenticeship","472121"
"47-2131",6400,"Insulation Workers, Floor, Ceiling, and Wall","Less than high school","None","Short-term on-the-job training","472131"
"47-2132",6400,"Insulation Workers, Mechanical","High school diploma or equivalent","None","Apprenticeship","472132"
"47-2141",6410,"Painters, Construction and Maintenance","Less than high school","None","Moderate-term on-the-job training","472141"
"47-2142",6410,"Paperhangers","High school diploma or equivalent","None","Moderate-term on-the-job training","472142"
"47-2151",6441,"Pipelayers","High school diploma or equivalent","None","Short-term on-the-job training","472151"
"47-2152",6442,"Plumbers, Pipefitters, and Steamfitters","High school diploma or equivalent","None","Apprenticeship","472152"
"47-2161",6460,"Plasterers and Stucco Masons","Less than high school","None","Long-term on-the-job training","472161"
"47-2171",6220,"Reinforcing Iron and Rebar Workers","High school diploma or equivalent","None","Apprenticeship","472171"
"47-2181",6515,"Roofers","Less than high school","None","Moderate-term on-the-job training","472181"
"47-2211",6520,"Sheet Metal Workers","High school diploma or equivalent","None","Apprenticeship","472211"
"47-2221",6530,"Structural Iron and Steel Workers","High school diploma or equivalent","None","Apprenticeship","472221"
"47-2231",6540,NA,NA,NA,NA,"472231"
"47-3011",6600,"Helpers--Brickmasons, Blockmasons, Stonemasons, and Tile and Marble Setters","Less than high school","None","Short-term on-the-job training","473011"
"47-3012",6600,"Helpers--Carpenters","Less than high school","None","Short-term on-the-job training","473012"
"47-3013",6600,"Helpers--Electricians","High school diploma or equivalent","None","Short-term on-the-job training","473013"
"47-3014",6600,"Helpers--Painters, Paperhangers, Plasterers, and Stucco Masons","Less than high school","None","Short-term on-the-job training","473014"
"47-3015",6600,"Helpers--Pipelayers, Plumbers, Pipefitters, and Steamfitters","High school diploma or equivalent","None","Short-term on-the-job training","473015"
"47-3016",6600,"Helpers--Roofers","Less than high school","None","Short-term on-the-job training","473016"
"47-3019",6600,"Helpers, Construction Trades, All Other","Less than high school","None","Short-term on-the-job training","473019"
"47-4011",6660,"Construction and Building Inspectors","High school diploma or equivalent","More than 5 years","Moderate-term on-the-job training","474011"
"47-4021",6700,"Elevator Installers and Repairers","High school diploma or equivalent","None","Apprenticeship","474021"
"47-4031",6710,"Fence Erectors","High school diploma or equivalent","None","Moderate-term on-the-job training","474031"
"47-4041",6720,"Hazardous Materials Removal Workers","High school diploma or equivalent","None","Moderate-term on-the-job training","474041"
"47-4051",6730,"Highway Maintenance Workers","High school diploma or equivalent","None","Moderate-term on-the-job training","474051"
"47-4061",6740,"Rail-Track Laying and Maintenance Equipment Operators","High school diploma or equivalent","None","Moderate-term on-the-job training","474061"
"47-4071",6765,"Septic Tank Servicers and Sewer Pipe Cleaners","Less than high school","None","Moderate-term on-the-job training","474071"
"47-4090",6765,NA,NA,NA,NA,"474090"
"47-5011",6800,"Derrick Operators, Oil and Gas","Less than high school","None","Short-term on-the-job training","475011"
"47-5012",6800,"Rotary Drill Operators, Oil and Gas","Less than high school","None","Moderate-term on-the-job training","475012"
"47-5013",6800,"Service Unit Operators, Oil, Gas, and Mining","Less than high school","None","Moderate-term on-the-job training","475013"
"47-5022",6825,NA,NA,NA,NA,"475022"
"47-5022",9760,NA,NA,NA,NA,"475022"
"47-5041",6850,"Continuous Mining Machine Operators","High school diploma or equivalent","None","Moderate-term on-the-job training","475041"
"47-5043",6850,NA,NA,NA,NA,"475043"
"47-5044",6850,NA,NA,NA,NA,"475044"
"47-5051",6950,"Rock Splitters, Quarry","High school diploma or equivalent","None","Moderate-term on-the-job training","475051"
"47-5071",6800,"Roustabouts, Oil and Gas","Less than high school","None","Moderate-term on-the-job training","475071"
"47-5081",6950,"Helpers--Extraction Workers","High school diploma or equivalent","None","Short-term on-the-job training","475081"
"47-5097",6825,NA,NA,NA,NA,"475097"
"47-5097",6835,NA,NA,NA,NA,"475097"
"47-5098",6850,NA,NA,NA,NA,"475098"
"47-5098",6950,NA,NA,NA,NA,"475098"
"49-1011",7000,"First-Line Supervisors of Mechanics, Installers, and Repairers","High school diploma or equivalent","1 to 5 years","None","491011"
"49-2011",7010,"Computer, Automated Teller, and Office Machine Repairers","Postsecondary non-degree award","None","None","492011"
"49-2021",7020,"Radio, Cellular, and Tower Equipment Installers and Repairs","Associate's degree","None","Moderate-term on-the-job training","492021"
"49-2022",7020,"Telecommunications Equipment Installers and Repairers, Except Line Installers","Postsecondary non-degree award","None","Moderate-term on-the-job training","492022"
"49-2091",7030,"Avionics Technicians","Postsecondary non-degree award","None","None","492091"
"49-2092",7040,"Electric Motor, Power Tool, and Related Repairers","Postsecondary non-degree award","None","Long-term on-the-job training","492092"
"49-2093",7100,"Electrical and Electronics Installers and Repairers, Transportation Equipment","Postsecondary non-degree award","None","Long-term on-the-job training","492093"
"49-2094",7100,"Electrical and Electronics Repairers, Commercial and Industrial Equipment","Postsecondary non-degree award","None","Long-term on-the-job training","492094"
"49-2095",7100,"Electrical and Electronics Repairers, Powerhouse, Substation, and Relay","Postsecondary non-degree award","None","Long-term on-the-job training","492095"
"49-2096",7100,"Electronic Equipment Installers and Repairers, Motor Vehicles","Postsecondary non-degree award","None","Short-term on-the-job training","492096"
"49-2097",7120,"Electronic Home Entertainment Equipment Installers and Repairers","Postsecondary non-degree award","None","None","492097"
"49-2098",7130,"Security and Fire Alarm Systems Installers","High school diploma or equivalent","None","Moderate-term on-the-job training","492098"
"49-3011",7140,"Aircraft Mechanics and Service Technicians","Postsecondary non-degree award","None","None","493011"
"49-3021",7150,"Automotive Body and Related Repairers","High school diploma or equivalent","None","Moderate-term on-the-job training","493021"
"49-3022",7160,"Automotive Glass Installers and Repairers","High school diploma or equivalent","None","Moderate-term on-the-job training","493022"
"49-3023",7200,"Automotive Service Technicians and Mechanics","High school diploma or equivalent","None","Long-term on-the-job training","493023"
"49-3031",7210,"Bus and Truck Mechanics and Diesel Engine Specialists","High school diploma or equivalent","None","Long-term on-the-job training","493031"
"49-3041",7220,"Farm Equipment Mechanics and Service Technicians","High school diploma or equivalent","None","Long-term on-the-job training","493041"
"49-3042",7220,"Mobile Heavy Equipment Mechanics, Except Engines","High school diploma or equivalent","None","Long-term on-the-job training","493042"
"49-3043",7220,"Rail Car Repairers","High school diploma or equivalent","None","Long-term on-the-job training","493043"
"49-3051",7240,"Motorboat Mechanics and Service Technicians","High school diploma or equivalent","None","Long-term on-the-job training","493051"
"49-3052",7240,"Motorcycle Mechanics","High school diploma or equivalent","None","Long-term on-the-job training","493052"
"49-3053",7240,"Outdoor Power Equipment and Other Small Engine Mechanics","High school diploma or equivalent","None","Moderate-term on-the-job training","493053"
"49-3091",7260,"Bicycle Repairers","High school diploma or equivalent","None","Moderate-term on-the-job training","493091"
"49-3092",7260,"Recreational Vehicle Service Technicians","High school diploma or equivalent","None","Long-term on-the-job training","493092"
"49-3093",7260,"Tire Repairers and Changers","High school diploma or equivalent","None","Moderate-term on-the-job training","493093"
"49-9011",7300,"Mechanical Door Repairers","High school diploma or equivalent","None","Moderate-term on-the-job training","499011"
"49-9012",7300,"Control and Valve Installers and Repairers, Except Mechanical Door","High school diploma or equivalent","None","Moderate-term on-the-job training","499012"
"49-9021",7315,"Heating, Air Conditioning, and Refrigeration Mechanics and Installers","Postsecondary non-degree award","None","Long-term on-the-job training","499021"
"49-9031",7320,"Home Appliance Repairers","High school diploma or equivalent","None","Moderate-term on-the-job training","499031"
"49-9041",7330,"Industrial Machinery Mechanics","High school diploma or equivalent","None","Long-term on-the-job training","499041"
"49-9043",7350,"Maintenance Workers, Machinery","High school diploma or equivalent","None","Moderate-term on-the-job training","499043"
"49-9044",7360,"Millwrights","High school diploma or equivalent","None","Long-term on-the-job training","499044"
"49-9045",7330,"Refractory Materials Repairers, Except Brickmasons","Postsecondary non-degree award","None","Moderate-term on-the-job training","499045"
"49-9051",7410,"Electrical Power-Line Installers and Repairers","High school diploma or equivalent","None","Long-term on-the-job training","499051"
"49-9052",7420,"Telecommunications Line Installers and Repairers","High school diploma or equivalent","None","Long-term on-the-job training","499052"
"49-9061",7430,"Camera and Photographic Equipment Repairers","Associate's degree","None","Long-term on-the-job training","499061"
"49-9062",7430,"Medical Equipment Repairers","Associate's degree","None","Moderate-term on-the-job training","499062"
"49-9063",7430,"Musical Instrument Repairers and Tuners","Postsecondary non-degree award","None","Long-term on-the-job training","499063"
"49-9064",7430,"Watch Repairers","High school diploma or equivalent","None","Long-term on-the-job training","499064"
"49-9069",7430,"Precision Instrument and Equipment Repairers, All Other","Associate's degree","None","Long-term on-the-job training","499069"
"49-9071",7340,"Maintenance and Repair Workers, General","High school diploma or equivalent","None","Moderate-term on-the-job training","499071"
"49-9081",7640,NA,NA,NA,NA,"499081"
"49-9091",7510,"Coin, Vending, and Amusement Machine Servicers and Repairers","High school diploma or equivalent","None","Short-term on-the-job training","499091"
"49-9092",7640,"Commercial Divers","Postsecondary non-degree award","None","Moderate-term on-the-job training","499092"
"49-9094",7540,"Locksmiths and Safe Repairers","High school diploma or equivalent","None","Long-term on-the-job training","499094"
"49-9095",7640,"Manufactured Building and Mobile Home Installers","High school diploma or equivalent","None","Moderate-term on-the-job training","499095"
"49-9096",7560,"Riggers","High school diploma or equivalent","None","Short-term on-the-job training","499096"
"49-9097",7640,"Signal and Track Switch Repairers","Postsecondary non-degree award","None","Moderate-term on-the-job training","499097"
"49-9098",7610,"Helpers--Installation, Maintenance, and Repair Workers","High school diploma or equivalent","None","Moderate-term on-the-job training","499098"
"49-9099",7640,NA,NA,NA,NA,"499099"
"51-1011",7700,"First-Line Supervisors of Production and Operating Workers","Postsecondary non-degree award","1 to 5 years","None","511011"
"51-2011",7750,"Aircraft Structure, Surfaces, Rigging, and Systems Assemblers","High school diploma or equivalent","None","Moderate-term on-the-job training","512011"
"51-2021",7720,"Coil Winders, Tapers, and Finishers","High school diploma or equivalent","None","Short-term on-the-job training","512021"
"51-2028",7720,NA,NA,NA,NA,"512028"
"51-2031",7730,"Engine and Other Machine Assemblers","High school diploma or equivalent","None","Short-term on-the-job training","512031"
"51-2041",7740,"Structural Metal Fabricators and Fitters","High school diploma or equivalent","None","Moderate-term on-the-job training","512041"
"51-2051",7750,NA,NA,NA,NA,"512051"
"51-2061",7750,NA,NA,NA,NA,"512061"
"51-2090",7750,NA,NA,NA,NA,"512090"
"51-3011",7800,"Bakers","Less than high school","None","Long-term on-the-job training","513011"
"51-3021",7810,"Butchers and Meat Cutters","Less than high school","None","Long-term on-the-job training","513021"
"51-3022",7810,"Meat, Poultry, and Fish Cutters and Trimmers","Less than high school","None","Short-term on-the-job training","513022"
"51-3023",7810,"Slaughterers and Meat Packers","Less than high school","None","Moderate-term on-the-job training","513023"
"51-3091",7830,"Food and Tobacco Roasting, Baking, and Drying Machine Operators and Tenders","Less than high school","None","Moderate-term on-the-job training","513091"
"51-3092",7840,"Food Batchmakers","High school diploma or equivalent","Less than 1 year","Short-term on-the-job training","513092"
"51-3093",7850,"Food Cooking Machine Operators and Tenders","High school diploma or equivalent","Less than 1 year","Short-term on-the-job training","513093"
"51-3099",7855,NA,NA,NA,NA,"513099"
"51-4021",7925,"Extruding and Drawing Machine Setters, Operators, and Tenders, Metal and Plastic","High school diploma or equivalent","None","Moderate-term on-the-job training","514021"
"51-4022",7925,"Forging Machine Setters, Operators, and Tenders, Metal and Plastic","High school diploma or equivalent","None","Moderate-term on-the-job training","514022"
"51-4023",7925,"Rolling Machine Setters, Operators, and Tenders, Metal and Plastic","High school diploma or equivalent","None","Moderate-term on-the-job training","514023"
"51-4031",7950,"Cutting, Punching, and Press Machine Setters, Operators, and Tenders, Metal and Plastic","High school diploma or equivalent","None","Moderate-term on-the-job training","514031"
"51-4032",8025,"Drilling and Boring Machine Tool Setters, Operators, and Tenders, Metal and Plastic","High school diploma or equivalent","None","Moderate-term on-the-job training","514032"
"51-4033",8000,"Grinding, Lapping, Polishing, and Buffing Machine Tool Setters, Operators, and Tenders, Metal and Plastic","High school diploma or equivalent","None","Moderate-term on-the-job training","514033"
"51-4034",8025,"Lathe and Turning Machine Tool Setters, Operators, and Tenders, Metal and Plastic","High school diploma or equivalent","None","Moderate-term on-the-job training","514034"
"51-4035",8025,"Milling and Planing Machine Setters, Operators, and Tenders, Metal and Plastic","High school diploma or equivalent","None","Moderate-term on-the-job training","514035"
"51-4041",8030,"Machinists","High school diploma or equivalent","None","Long-term on-the-job training","514041"
"51-4051",8040,"Metal-Refining Furnace Operators and Tenders","High school diploma or equivalent","None","Moderate-term on-the-job training","514051"
"51-4052",8040,"Pourers and Casters, Metal","High school diploma or equivalent","None","Moderate-term on-the-job training","514052"
"51-4061",8100,"Model Makers, Metal and Plastic","High school diploma or equivalent","None","Long-term on-the-job training","514061"
"51-4062",8100,"Patternmakers, Metal and Plastic","High school diploma or equivalent","None","Long-term on-the-job training","514062"
"51-4071",8100,"Foundry Mold and Coremakers","High school diploma or equivalent","None","Moderate-term on-the-job training","514071"
"51-4072",8100,"Molding, Coremaking, and Casting Machine Setters, Operators, and Tenders, Metal and Plastic","High school diploma or equivalent","None","Moderate-term on-the-job training","514072"
"51-4081",8225,"Multiple Machine Tool Setters, Operators, and Tenders, Metal and Plastic","High school diploma or equivalent","None","Moderate-term on-the-job training","514081"
"51-4111",8130,"Tool and Die Makers","High school diploma or equivalent","None","Long-term on-the-job training","514111"
"51-4121",8140,"Welders, Cutters, Solderers, and Brazers","High school diploma or equivalent","Less than 1 year","Moderate-term on-the-job training","514121"
"51-4122",8140,"Welding, Soldering, and Brazing Machine Setters, Operators, and Tenders","High school diploma or equivalent","None","Moderate-term on-the-job training","514122"
"51-4191",8225,"Heat Treating Equipment Setters, Operators, and Tenders, Metal and Plastic","High school diploma or equivalent","None","Moderate-term on-the-job training","514191"
"51-4192",8225,"Layout Workers, Metal and Plastic","High school diploma or equivalent","None","Moderate-term on-the-job training","514192"
"51-4193",8225,"Plating and Coating Machine Setters, Operators, and Tenders, Metal and Plastic","High school diploma or equivalent","None","Moderate-term on-the-job training","514193"
"51-4194",8225,"Tool Grinders, Filers, and Sharpeners","High school diploma or equivalent","None","Moderate-term on-the-job training","514194"
"51-4199",8225,"Metal Workers and Plastic Workers, All Other","High school diploma or equivalent","None","Moderate-term on-the-job training","514199"
"51-5111",8250,"Prepress Technicians and Workers","Postsecondary non-degree award","None","None","515111"
"51-5112",8255,"Printing Press Operators","High school diploma or equivalent","None","Moderate-term on-the-job training","515112"
"51-5113",8256,"Print Binding and Finishing Workers","High school diploma or equivalent","None","Short-term on-the-job training","515113"
"51-6011",8300,"Laundry and Dry-Cleaning Workers","Less than high school","None","Short-term on-the-job training","516011"
"51-6021",8310,"Pressers, Textile, Garment, and Related Materials","Less than high school","None","Short-term on-the-job training","516021"
"51-6031",8320,"Sewing Machine Operators","Less than high school","None","Short-term on-the-job training","516031"
"51-6041",8335,"Shoe and Leather Workers and Repairers","High school diploma or equivalent","None","Moderate-term on-the-job training","516041"
"51-6042",8335,"Shoe Machine Operators and Tenders","High school diploma or equivalent","None","Short-term on-the-job training","516042"
"51-6051",8350,"Sewers, Hand","Less than high school","None","Moderate-term on-the-job training","516051"
"51-6052",8350,"Tailors, Dressmakers, and Custom Sewers","Less than high school","None","Moderate-term on-the-job training","516052"
"51-6061",8365,"Textile Bleaching and Dyeing Machine Operators and Tenders","High school diploma or equivalent","None","Short-term on-the-job training","516061"
"51-6062",8365,"Textile Cutting Machine Setters, Operators, and Tenders","High school diploma or equivalent","None","Moderate-term on-the-job training","516062"
"51-6063",8365,"Textile Knitting and Weaving Machine Setters, Operators, and Tenders","High school diploma or equivalent","None","Moderate-term on-the-job training","516063"
"51-6064",8365,"Textile Winding, Twisting, and Drawing Out Machine Setters, Operators, and Tenders","High school diploma or equivalent","None","Moderate-term on-the-job training","516064"
"51-6091",8465,"Extruding and Forming Machine Setters, Operators, and Tenders, Synthetic and Glass Fibers","High school diploma or equivalent","None","Moderate-term on-the-job training","516091"
"51-6092",8465,"Fabric and Apparel Patternmakers","High school diploma or equivalent","None","Moderate-term on-the-job training","516092"
"51-6093",8450,"Upholsterers","High school diploma or equivalent","None","Moderate-term on-the-job training","516093"
"51-6099",8465,"Textile, Apparel, and Furnishings Workers, All Other","High school diploma or equivalent","None","Short-term on-the-job training","516099"
"51-7011",8500,"Cabinetmakers and Bench Carpenters","High school diploma or equivalent","None","Moderate-term on-the-job training","517011"
"51-7021",8510,"Furniture Finishers","High school diploma or equivalent","None","Short-term on-the-job training","517021"
"51-7031",8555,"Model Makers, Wood","High school diploma or equivalent","None","Moderate-term on-the-job training","517031"
"51-7032",8555,"Patternmakers, Wood","High school diploma or equivalent","None","Moderate-term on-the-job training","517032"
"51-7041",8530,"Sawing Machine Setters, Operators, and Tenders, Wood","High school diploma or equivalent","None","Short-term on-the-job training","517041"
"51-7042",8540,"Woodworking Machine Setters, Operators, and Tenders, Except Sawing","High school diploma or equivalent","None","Short-term on-the-job training","517042"
"51-7099",8555,"Woodworkers, All Other","High school diploma or equivalent","None","Moderate-term on-the-job training","517099"
"51-8011",8600,"Nuclear Power Reactor Operators","High school diploma or equivalent","None","Long-term on-the-job training","518011"
"51-8012",8600,"Power Distributors and Dispatchers","High school diploma or equivalent","None","Long-term on-the-job training","518012"
"51-8013",8600,"Power Plant Operators","High school diploma or equivalent","None","Long-term on-the-job training","518013"
"51-8021",8610,"Stationary Engineers and Boiler Operators","High school diploma or equivalent","None","Long-term on-the-job training","518021"
"51-8031",8620,"Water and Wastewater Treatment Plant and System Operators","High school diploma or equivalent","None","Long-term on-the-job training","518031"
"51-8091",8630,"Chemical Plant and System Operators","High school diploma or equivalent","None","Long-term on-the-job training","518091"
"51-8092",8630,"Gas Plant Operators","High school diploma or equivalent","None","Long-term on-the-job training","518092"
"51-8093",8630,"Petroleum Pump System Operators, Refinery Operators, and Gaugers","High school diploma or equivalent","None","Long-term on-the-job training","518093"
"51-8099",8630,"Plant and System Operators, All Other","High school diploma or equivalent","None","Long-term on-the-job training","518099"
"51-9011",8640,"Chemical Equipment Operators and Tenders","High school diploma or equivalent","None","Moderate-term on-the-job training","519011"
"51-9012",8640,"Separating, Filtering, Clarifying, Precipitating, and Still Machine Setters, Operators, and Tenders","High school diploma or equivalent","None","Moderate-term on-the-job training","519012"
"51-9021",8650,"Crushing, Grinding, and Polishing Machine Setters, Operators, and Tenders","High school diploma or equivalent","None","Moderate-term on-the-job training","519021"
"51-9022",8650,"Grinding and Polishing Workers, Hand","Less than high school","None","Moderate-term on-the-job training","519022"
"51-9023",8650,"Mixing and Blending Machine Setters, Operators, and Tenders","High school diploma or equivalent","None","Moderate-term on-the-job training","519023"
"51-9031",8710,"Cutters and Trimmers, Hand","Less than high school","None","Short-term on-the-job training","519031"
"51-9032",8710,"Cutting and Slicing Machine Setters, Operators, and Tenders","High school diploma or equivalent","None","Short-term on-the-job training","519032"
"51-9041",8720,"Extruding, Forming, Pressing, and Compacting Machine Setters, Operators, and Tenders","High school diploma or equivalent","None","Moderate-term on-the-job training","519041"
"51-9051",8730,"Furnace, Kiln, Oven, Drier, and Kettle Operators and Tenders","High school diploma or equivalent","None","Moderate-term on-the-job training","519051"
"51-9061",8740,"Inspectors, Testers, Sorters, Samplers, and Weighers","High school diploma or equivalent","None","Moderate-term on-the-job training","519061"
"51-9071",8750,"Jewelers and Precious Stone and Metal Workers","High school diploma or equivalent","None","Long-term on-the-job training","519071"
"51-9081",8760,"Dental Laboratory Technicians","High school diploma or equivalent","None","Moderate-term on-the-job training","519081"
"51-9082",8760,"Medical Appliance Technicians","High school diploma or equivalent","None","Long-term on-the-job training","519082"
"51-9083",8760,"Ophthalmic Laboratory Technicians","High school diploma or equivalent","None","Moderate-term on-the-job training","519083"
"51-9111",8800,"Packaging and Filling Machine Operators and Tenders","High school diploma or equivalent","None","Moderate-term on-the-job training","519111"
"51-9123",8810,"Painting, Coating, and Decorating Workers","High school diploma or equivalent","None","Moderate-term on-the-job training","519123"
"51-9124",8810,NA,NA,NA,NA,"519124"
"51-9141",8990,"Semiconductor Processors","Associate's degree","None","Moderate-term on-the-job training","519141"
"51-9151",8830,"Photographic Process Workers and Processing Machine Operators","High school diploma or equivalent","None","Short-term on-the-job training","519151"
"51-9161",7905,NA,NA,NA,NA,"519161"
"51-9162",7905,NA,NA,NA,NA,"519162"
"51-9191",8850,"Adhesive Bonding Machine Operators and Tenders","High school diploma or equivalent","None","Moderate-term on-the-job training","519191"
"51-9192",8990,"Cleaning, Washing, and Metal Pickling Equipment Operators and Tenders","Less than high school","None","Moderate-term on-the-job training","519192"
"51-9193",8990,"Cooling and Freezing Equipment Operators and Tenders","High school diploma or equivalent","None","Moderate-term on-the-job training","519193"
"51-9194",8910,"Etchers and Engravers","High school diploma or equivalent","None","Moderate-term on-the-job training","519194"
"51-9195",8920,"Molders, Shapers, and Casters, Except Metal and Plastic","High school diploma or equivalent","None","Long-term on-the-job training","519195"
"51-9196",8930,"Paper Goods Machine Setters, Operators, and Tenders","High school diploma or equivalent","None","Moderate-term on-the-job training","519196"
"51-9197",8940,"Tire Builders","High school diploma or equivalent","None","Moderate-term on-the-job training","519197"
"51-9198",8950,"Helpers--Production Workers","Less than high school","None","Short-term on-the-job training","519198"
"51-9199",8990,NA,NA,NA,NA,"519199"
"51-9199",7905,NA,NA,NA,NA,"519199"
"53-1041",9005,NA,NA,NA,NA,"531041"
"53-1047",9005,NA,NA,NA,NA,"531047"
"53-2011",9030,"Airline Pilots, Copilots, and Flight Engineers","Bachelor's degree","1 to 5 years","Moderate-term on-the-job training","532011"
"53-2012",9030,"Commercial Pilots","Postsecondary non-degree award","None","None","532012"
"53-2021",9040,"Air Traffic Controllers","Associate's degree","None","Long-term on-the-job training","532021"
"53-2022",9040,"Airfield Operations Specialists","High school diploma or equivalent","None","Long-term on-the-job training","532022"
"53-2031",9050,"Flight Attendants","High school diploma or equivalent","None","Moderate-term on-the-job training","532031"
"53-3011",9110,"Ambulance Drivers and Attendants, Except Emergency Medical Technicians","High school diploma or equivalent","None","Moderate-term on-the-job training","533011"
"53-3031",9130,"Driver/Sales Workers","High school diploma or equivalent","None","Short-term on-the-job training","533031"
"53-3032",9130,"Heavy and Tractor-Trailer Truck Drivers","High school diploma or equivalent","1 to 5 years","Short-term on-the-job training","533032"
"53-3033",9130,"Light Truck or Delivery Services Drivers","High school diploma or equivalent","None","Short-term on-the-job training","533033"
"53-3052",9122,NA,NA,NA,NA,"533052"
"53-3058",9141,NA,NA,NA,NA,"533058"
"53-3058",9121,NA,NA,NA,NA,"533058"
"53-3058",9142,NA,NA,NA,NA,"533058"
"53-3099",9150,"Motor Vehicle Operators, All Other","High school diploma or equivalent","None","Short-term on-the-job training","533099"
"53-4011",9210,"Locomotive Engineers","High school diploma or equivalent","1 to 5 years","Moderate-term on-the-job training","534011"
"53-4013",9210,"Rail Yard Engineers, Dinkey Operators, and Hostlers","High school diploma or equivalent","None","Moderate-term on-the-job training","534013"
"53-4022",9265,NA,NA,NA,NA,"534022"
"53-4031",9240,"Railroad Conductors and Yardmasters","High school diploma or equivalent","None","Moderate-term on-the-job training","534031"
"53-4041",9265,"Subway and Streetcar Operators","High school diploma or equivalent","None","Moderate-term on-the-job training","534041"
"53-4099",9265,"Rail Transportation Workers, All Other","High school diploma or equivalent","None","Moderate-term on-the-job training","534099"
"53-5011",9300,"Sailors and Marine Oilers","Less than high school","None","Short-term on-the-job training","535011"
"53-5021",9310,"Captains, Mates, and Pilots of Water Vessels","Bachelor's degree","None","None","535021"
"53-5022",9310,"Motorboat Operators","High school diploma or equivalent","None","Short-term on-the-job training","535022"
"53-5031",9300,"Ship Engineers","Bachelor's degree","None","None","535031"
"53-6011",9430,"Bridge and Lock Tenders","Less than high school","None","Short-term on-the-job training","536011"
"53-6021",9350,"Parking Lot Attendants","Less than high school","None","Short-term on-the-job training","536021"
"53-6031",9365,"Automotive and Watercraft Service Attendants","Less than high school","None","Short-term on-the-job training","536031"
"53-6041",9430,"Traffic Technicians","Less than high school","None","Short-term on-the-job training","536041"
"53-6051",9410,"Transportation Inspectors","Some college, no degree","None","Short-term on-the-job training","536051"
"53-6061",9415,"Transportation Attendants, Except Flight Attendants","High school diploma or equivalent","None","Short-term on-the-job training","536061"
"53-6098",9365,NA,NA,NA,NA,"536098"
"53-6098",9430,NA,NA,NA,NA,"536098"
"53-7011",9570,"Conveyor Operators and Tenders","Less than high school","None","Short-term on-the-job training","537011"
"53-7021",9510,"Crane and Tower Operators","Less than high school","1 to 5 years","Long-term on-the-job training","537021"
"53-7031",9570,"Dredge Operators","Less than high school","None","Short-term on-the-job training","537031"
"53-7041",9570,"Hoist and Winch Operators","Less than high school","None","Moderate-term on-the-job training","537041"
"53-7051",9600,"Industrial Truck and Tractor Operators","Less than high school","Less than 1 year","Short-term on-the-job training","537051"
"53-7061",9610,"Cleaners of Vehicles and Equipment","Less than high school","None","Short-term on-the-job training","537061"
"53-7062",9620,"Laborers and Freight, Stock, and Material Movers, Hand","Less than high school","None","Short-term on-the-job training","537062"
"53-7063",9630,"Machine Feeders and Offbearers","Less than high school","None","Short-term on-the-job training","537063"
"53-7064",9640,"Packers and Packagers, Hand","Less than high school","None","Short-term on-the-job training","537064"
"53-7065",9645,NA,NA,NA,NA,"537065"
"53-7071",9650,"Gas Compressor and Gas Pumping Station Operators","Less than high school","None","Moderate-term on-the-job training","537071"
"53-7072",9650,"Pump Operators, Except Wellhead Pumpers","Less than high school","None","Moderate-term on-the-job training","537072"
"53-7073",9650,"Wellhead Pumpers","Less than high school","Less than 1 year","Moderate-term on-the-job training","537073"
"53-7081",9720,"Refuse and Recyclable Material Collectors","Less than high school","None","Short-term on-the-job training","537081"
"53-7121",9760,"Tank Car, Truck, and Ship Loaders","Less than high school","None","Short-term on-the-job training","537121"
"53-7199",9760,"Material Moving Workers, All Other","Less than high school","None","Short-term on-the-job training","537199"
